No.,Smartphone Name,Price ($)
1,Samsung Galaxy A10e 32GB Unlocked Phone - Black,184.
2,Samsung Galaxy A12 SM-A125F Dual-SIM 128GB ROM + 4GB RAM Factory Unlocked 4G/LTE Smartphone (Black) - International Version,269.
3,Samsung Galaxy A12 SM-A125F Dual-SIM 128GB ROM + 4GB RAM Factory Unlocked 4G/LTE Smartphone (Blue) - International Version,257.
4,Samsung Galaxy A12 SM-A125F Dual-SIM 64GB ROM + 4GB RAM Factory Unlocked 4G/LTE Smartphone (Black) - International Version,235.
5,"Latest Android Phone, Ulefone Note 6 Unlocked Smartphone, Quad-core 1GB+32GB Canadian Version Mobile Phone, 3300mAh Battery Capacity, 6.1” HD+ Unlocked Cell Phones Canada(Black)",119.
6,"Google Pixel 3 XL Unlocked GSM/CDMA - US Warranty (Just Black, 64GB)",247.
7,Google Pixel 6 – Unlocked Android 5G Smartphone with 50 Megapixel Camera and Wide-Angle Lens – 128 GB – Stormy Black,798.
8,Samsung Galaxy A12 SM-A125F Dual-SIM 64GB ROM + 4GB RAM Factory Unlocked 4G/LTE Smartphone (Blue) - International Version,236.
9,"Unlocked Cell Phones Canada, Ulefone Note 6 Android Phone, 6.1” HD+ 32GB Smartphone Unlocked, Ultra-Slim Lightweight Cell Phone Dural SIM, 3G Mobile Phone for Canada (Purple)",115.
10,Samsung Galaxy A12 SM-A125F Dual-SIM 64GB ROM + 4GB RAM Factory Unlocked 4G/LTE Smartphone (White) - International Version,239.
11,"Easyfone Prime-A1 GSM 3G Unlocked Senior Flip Mobile Phone, Big Button Hearing Aids Compatible Easy-to-Use Basic Cell Phone with Charging Dock(Red)",89.
12,"Samsung Galaxy A52 (128GB, 6GB) 6.5"" Super AMOLED 90Hz Display, 64MP Quad Camera, All Day Battery, Dual SIM GSM Unlocked (Canada + Global) 4G Volte A525M/DS (Fast Car Charger Bundle) (Awesome Black)",584.
13,Samsung Galaxy A12 SM-A125F Dual-SIM 128GB ROM + 4GB RAM Factory Unlocked 4G/LTE Smartphone (Black) - International Version,269.
14,Samsung Galaxy A12 SM-A125F Dual-SIM 64GB ROM + 4GB RAM Factory Unlocked 4G/LTE Smartphone (Black) - International Version,235.
15,"Google Pixel 3 XL Unlocked GSM/CDMA - US Warranty (Just Black, 64GB)",247.
16,"Apple iPhone 8, Fully Unlocked, 64GB - Gold (Renewed)",284.
17,Samsung Galaxy A12 LTE 32GB Black,209.
18,Samsung Galaxy A12 SM-A125F Dual-SIM 64GB ROM + 4GB RAM Factory Unlocked 4G/LTE Smartphone (Blue) - International Version,236.
19,"Apple iPhone 8, GSM Unlocked, 64GB - Space Gray (Renewed)",283.
20,"Apple iPhone XR, 64GB, Black - Fully Unlocked (Renewed)",484.
21,Samsung Galaxy S21 Ultra 5G SM-G998B Standard Edition Dual-SIM 128GB + 12GB RAM Factory Unlocked Android Smartphone (Phantom Black) - International Version,"1,685."
22,Google Pixel 5A 5G 128GB 6GB RAM Factory Unlocked (GSM Only | No CDMA - not Compatible with Verizon/Sprint) International Version - Black,689.
23,"Apple iPhone 11 Pro Max, 256GB, Midnight Green, Fully Unlocked (Renewed)",899.
24,"Apple iPhone SE, 64GB, Black - Fully Unlocked (Renewed)",409.
25,Google Pixel 6 – Unlocked Android 5G Smartphone with 50 Megapixel Camera and Wide-Angle Lens – 128 GB – Stormy Black,184.
26,Samsung Galaxy A12 SM-A125F Dual-SIM 128GB ROM + 4GB RAM Factory Unlocked 4G/LTE Smartphone (Blue) - International Version,269.
27,"Unlocked Rugged Phone, Android 11 8GB+128GB Octa-core Waterproof Cell Phone, 16MP Triple Rear Camera, 6.1"" HD+ Display 5580mAh Battery,Global Dual SIM 4G，Ulefone Armor 8 Pro Mobile Phone-Orange",119.
28,"Ulefone Armor 8 Pro Rugged Phone, Android 11, 8GB+128GB Octa-core Waterproof Cell Phone,16MP Triple Rear Camera,6.1"" HD+ Display 5580mAh Battery, Global Dual SIM 4G Unlocked Mobile Phone-Black",247.
29,Samsung Galaxy Note 20 Ultra/DS LTE Factory Unlocked Android Cell Phone | International Version | 256 GB of Storage | Long-Lasting Battery (Mystic Black),798.
30,"Samsung Galaxy A52 (128GB, 6GB) 6.5"" Dual SIM GSM Unlocked 4G LTE International Model A525M/DS (Awesome Blue, 128GB)",236.
31,"Rugged Smartphone , 13200mAh Large Battery, Ulefone Power Armor 13 8GB + 256GB Android 11, FHD+ 6.81"", Octa-core G95, 48MP Quad Camera, NFC OTG, 33W Fast Charge, Wireless Reverse Charging, IP68 Waterproof Unlocked Cell Phone Canada",115.
32,"Smartphone Unlocked Canada, Ulefone Note 6 Unlocked Dual SIM Phone, 3300mAh Battery Cell Phone, AI Camera 5MP+2MP Mobile Phone, 1GB+32GB Premium Android Phone(Red)",239.
33,"Rugged Unlocked Cell Phones Android, Blackview BV4900Pro, 4GB+64GB ROM, Android 10 OS Rugged Unlocked Smartphone Canada, 5.7"" Dual SIM Unlocked Cell Phones Android, 5580mAh Battery NFC/Face ID",89.
34,"Cell Phone Unlocked Canada, Ulefone Armor 8 Pro Rugged Smartphone, 5580mAh Battery, 6.1"" HD+ Screen, IP68/IP69K Waterproof & Shockproof Cell Phone, 8GB+128GB Android 11 Smartphone (Orange)",584.
35,"Samsung Galaxy A12 (128GB, 4GB) 6.5"" HD+, 48MP Quad Camera, All Day Battery, Dual SIM GSM Unlocked 4G (Telus, Fido, Rogers, Global) International Model A127M/DS (w/Fast Car Charger) (Blue)",60.
36,"Sudroid Unlocked Mini Smartphone, 2.5 Inch The World's Smallest Cell Phone 3G Network Premium Child Phone Quad Core Small Phone",159.
37,6amLifestyle Thumb Grip Caps for Nintendo Switch & Lite 4 Pack Raccoon Paw Cute Design Soft Silicone Joystick Cover Compatible with Switch Joy-Con,284.
38,"Samsung S20 FE Case 5G, DUEDUE Liquid Silicone Soft Gel Rubber Slim Cover with Ring Kickstand |Car Mount Function,Shockproof Full Body Protective Case for Galaxy S20 FE 4G for Women Men, Orange",159.
39,Ronson 8 Ounce Ronsonol Lighter Fuel,269.
40,Ring Light for Phone 10 Inch Selfie Ring Light with 360 Degree Phone Holder and Detachable Tripod Stand Bluetooth Remote Shutter for Vlog/YouTube/,399.
41,Front Camera + Proximity Light Sensor Flex Cable Ribbon for iPhone 8/SE 2020,189.
42,Ear Speaker Ear Piece Proximity Sensor Flex Replacement for iPhone XR 6.1 inch,40.
43,Replacement HDMI Port Connector Socket Motherboard for Sony Playstation 5 PS5,129.
44,"Touch Screen Digitizer Assembly Replacement for Samsung Galaxy Tab A 8.0 2017 8"" SM-T380 T380 WiFi Version (Black)",129.
45,Charging Port Dock Connector Microphone Replacement for iPhone XR 6.1 inch (Black),283.
46,2X Replacement Trigger L1 R1 L2 R2 Shoulder Buttons & Springs Set for Sony Playstation 5 PS5 Controller,279.
47,"Front Outer Screen Glass Lens Replacement + Oca for Samsung Galaxy S21 Ultra 5G 6.8""",129.
48,Phone V9500 2.8 inch Four SIM Card GPRS Vibration Outside FM Radio Cellphone with Russian Keyboard Mobile Phones,329.
49,"Latest Android Phone, Ulefone Note 6 Unlocked Smartphone, Quad-core 1GB+32GB Canadian Version Mobile Phone, 3300mAh Battery Capacity, 6.1” HD+ Unlocked Cell Phones Canada(Black)",899.
50,"Unlocked Cell Phones Canada, Ulefone Note 6 Android Phone, 6.1” HD+ 32GB Smartphone Unlocked, Ultra-Slim Lightweight Cell Phone Dural SIM, 3G Mobile Phone for Canada (Purple)",55.
51,"Ulefone Rugged Phone, Armor X9 Unlocked Cell Phones Canada, 3GB+32GB Octa-core Android 11 Cell Phone Dual SIM, 5000mAh Battery, 13MP AI Camera, 5.5” HD+ Waterproof Smartphone for Outdoor (Red)",448.
52,"Ulefone Armor X9 Rugged Smartphone, Android 11, 32GB ROM + 3GB RAM (Max Supported 256GB TF Card), Octa-core IP68 Waterproof Mobile Phone, with 5.5"" Display, 5000mAh, Dual SIM 4G, NFC, OTG, Face ID, Unlocked Cell Phones Canada- Black",409.
53,Funko Pop! Marvel Collector Corps Subscription Box: What If? - LG,72.
54,"UMIDIGI BISON Rugged Unlocked Cell Phones(8+128GB), IP68 & IP69K Rating Waterproof, Dust-proof Smartphone, and Anti-fall, 6.3"" FHD+ Full-Screen Cell Phone with 5000mAh Battery, Multi-function NFC, 4G Dual SIM",689.
55,"5G Rugged Smartphone Canada, Ulefone Armor 12 Unlocked Cell Phones Android, Upgraded IP68 Waterproof Mobile Phone, 48MP Quad Rear Camera, 8GB+128GB, 6.52” HD+, 5180mAh Dual SIM Phone Rogers (Black)",199.
56,"Ulefone Power Armor 14 10000 mAh Rugged Smartphone, Android 11, 4GB+46GB, 6.52” HD+, 20MP AI Camera, Octa-core Rugged Phone, Wireless Charging, IP68 Waterproof Unlocked Cell Phone Canada, Dual Sim 4G",549.
57,Samsung Galaxy A12 SM-A125F Dual-SIM 64GB ROM + 4GB RAM Factory Unlocked 4G/LTE Smartphone (Blue) - International Version (Renewed),104.
58,"Easyfone T100 4G LTE Big Button SIM-Free Unlocked Senior Mobile Phone, Emergency SOS Button with GPS, Hearing Aid Compatible, 1500mAh Battery for Long Standby Time with Easy-to-Use Charging Dock",680.
59,"Easyfone Prime-A7 4G Big Button SIM-Free Unlocked Senior Mobile Phone, SOS Button with GPS, Hearing Aid Compatible, 1500mAh Battery with Easy to Use Charging Dock (Black)",229.
60,"Rugged Smartphone, Ulefone Armor X9 Rugged Phone, 3GB+32GB Unlocked Rugged Android 11 Cell Phone, IP68/IP69K Waterproof Phone, 5000mAh, 13MP Dual Camera & NFC, Google Pay for Outdoor (Green)",44.
61,Samsung Galaxy A10e 32GB Unlocked Phone - Black,249.
62,"Android Phone, Blackview A80, 4G Dual sim Unlocked Cell Phones, Bundle Android 10 OS 2GB+16GB ROM Unlocked Smartphones, 6.21"" HD+, Fingerprint Face Detection, 4200mAh Capacity Battery Unlocked Phone",469.
63,Samsung Galaxy A12 SM-A125F Dual-SIM 128GB ROM + 4GB RAM Factory Unlocked 4G/LTE Smartphone (White) - International Version,254.
64,"XPLORA X5 Play - Watch Phone for Children (SIM Free) 4G - Calls, Messages, Kids School Mode, SOS Function, GPS Location, Camera and Pedometer (Black)",798.
65,"Unlocked Smartphones, Blackview A80, 4G Dual sim Unlocked Cell Phones, Bundle Android 10 OS 2GB+16GB ROM, 6.21"" HD+, Fingerprint Face Detection, 4200mAh high Capacity Battery Phone Unlocked",257.
66,Samsung Galaxy S20 Fan Edition SM-G780F Dual-SIM 128GB Factory Unlocked 4G/LTE Smartphone (Cloud Navy) - International Version,299.
67,"UMIDIGI A9 Pro Unlocked Cell Phones(6+128GB) 6.3"" FHD+ Full Screen, 4150mAh High Capacity Battery Smartphone with AI Matrix Quad Camera, Dual SIM Phone",299.
68,"UMIDIGI A11 Pro Max Unlocked Cell Phone(8+128GB), with Sony Camera, 6.8"" FHD Full View Screen, 5150mAh Battery Android 11 Smartphone with Dual SIM (4G LTE)","1,389."
69,BLU Advance L5 | 2020 | Long Lasting Battery | Unlocked | 4.0” Display | 16GB | 5MP Camera | US Warranty | Black,549.
70,"Samsung A11 (32GB, A11, Black)",559.
71,Google Pixel 4a 128GB 4G LTE (Canadian Model) G025J Unlocked Smartphone - Just Black (Renewed),119.
72,"Ushining 3G Basic Cell Phone Dual SIM Card Big Icon Unlocked Feature Phone with LED Torch Easy to Use Mobile Phone (Rogers, Telus, Bell)",199.
73,Save on select Samsung Galaxy Phones,299.
74,"Ulefone Armor X9P Rugged Smartphone, 4GB+64GB",287.
75,"Ulefone Power Armor 14 10000 mAh Rugged Smartphone, Android 11, 4GB+46GB, 6.52” HD+, 20MP AI Camera, Octa-core Rugged Phone, Wireless Charging, IP68 Waterproof Unlocked Cell Phone Canada, Dual Sim 4G",116.
76,"Ulefone Armor X9 Rugged Smartphone, Android 11, 32GB ROM + 3GB RAM (Max Supported 256GB TF Card), Octa-core IP68 Waterproof Mobile Phone, with 5.5"" Display, 5000mAh, Dual SIM 4G, NFC, OTG, Face ID, Unlocked Cell Phones Canada- Black",8.
77,"Ulefone Armor X9 Rugged Smartphone, 3GB+32GB",13.
78,Thumb Grips for Nintendo Switch and Switch Lite,17.
79,"Cell Phone Canada, Blackview A80S Android Smartphone 64GB Cellphone, 6.21"" HD Screen, 4200mAh Battery Cell Phone with 13MP Main Camera and Dual SIM Unlocked Smartphone",14.
80,"Ulefone Armor 8 Pro Rugged Smartphone, 8GB+128GB",18.
81,"Easyfone Prime-A1 GSM 3G Unlocked Senior Flip Mobile Phone, Big Button Hearing Aids Compatible Easy-to-Use Basic Cell Phone with Charging Dock(Red)",14.
82,Samsung Galaxy S10 128GB Unlocked - Prism Blue (Renewed),15.
83,Samsung Galaxy S9 Unlocked 64GB Midnight Black Canadian Version G960W Smartphone (Renewed),16.
84,OnePlus 8 (5G) 8GB(RAM)+128GB (T-Mobile Unlocked) 90Hz Fluid Display Warp Charge Single SIM Model IN2017 - Interstellar Glow,13.
